complaint_id,timestamp,text_length,gemini_risk_score,openai_risk_score,risk_score_difference,category_match,gemini_category,openai_category,both_high_risk,both_low_risk,gemini_red_flags,openai_red_flags,gemini_scam_type,openai_scam_type,gemini_financial_risk,openai_financial_risk
1306236,2025-12-04T13:59:35.678027,1365,95,95,0,True,High,High,True,False,"communication, financial, job_posting, hiring_process, work_activity","communication, financial, job_posting, hiring_process, work_activity","{'primary_category': 'Financial Mark Scams', 'subcategory': 'Fake Placement/Staffing Scams'}","{'primary_category': 'Financial Mark Scams', 'subcategory': 'Money Mule Scheme'}","{'level': 'Critical', 'potential_loss': '{[AMOUNT]}', 'explanation': 'The victim experienced a direct financial loss after attempting to process funds for the scammers, leading to a negative balance in their account after the initial deposit was reversed.'}","{'level': 'Critical', 'potential_loss': '{[AMOUNT]}', 'explanation': 'Victim was used to process fraudulent transactions, resulting in financial loss.'}"
1617882,2025-12-04T13:59:44.032852,2510,95,95,0,True,High,High,True,False,"communication, financial, job_posting, hiring_process, work_activity","communication, financial, job_posting, hiring_process, work_activity","{'primary_category': 'Financial Mark Scams', 'subcategory': 'Fake Check / Funds Transfer Scam'}","{'primary_category': 'Financial Mark Scams', 'subcategory': 'Fake Check Scam'}","{'level': 'Critical', 'potential_loss': '{[AMOUNT]}', 'explanation': 'The victim was tricked into using their personal credit card for fraudulent purchases, and the funds initially transferred to cover these purchases were reversed, leaving the victim liable for the full amount of the equipment and any associated shipping costs.'}","{'level': 'High', 'potential_loss': 'Potentially thousands of dollars', 'explanation': 'Victim used personal credit card for purchases based on fake funds transfer'}"
2060433,2025-12-04T13:59:52.263873,986,95,95,0,True,High,High,True,False,"communication, financial, job_posting, hiring_process, work_activity","communication, financial, job_posting, hiring_process, work_activity","{'primary_category': 'Financial Mark Scams', 'subcategory': 'Fake Check / Money Mule Scam'}","{'primary_category': 'Financial Mark Scams', 'subcategory': 'Fake Check Scam'}","{'level': 'Critical', 'potential_loss': '{[AMOUNT]}', 'explanation': 'The victim is facing significant financial loss due to the fraudulent check, with their account overdrawn and potentially being held responsible for the bad check amount, in addition to the missing cash withdrawal.'}","{'level': 'Critical', 'potential_loss': '{[AMOUNT]}', 'explanation': ""The victim's account was overdrawn due to a fake check, leading to a significant financial liability.""}"
2105037,2025-12-04T14:00:00.643153,2080,95,95,0,True,High,High,True,False,"communication, financial, job_posting, hiring_process, work_activity","communication, financial, job_posting, hiring_process, work_activity","{'primary_category': 'Financial Mark Scams', 'subcategory': 'Money Mule Scam'}","{'primary_category': 'Financial Mark Scams', 'subcategory': 'Money Mule Scheme'}","{'level': 'High', 'potential_loss': 'Unknown (amount wired into account)', 'explanation': ""The victim is likely liable for the full amount of the rejected wire transfer and potentially additional bank fees or penalties. The exact amount is not specified in the complaint but is significant enough to cause financial distress ('I am in the XXXX in three months').""}","{'level': 'Critical', 'potential_loss': 'Significant financial liability due to rejected wire transfer', 'explanation': 'The victim is liable for the amount of the rejected wire transfer and potentially other fees or penalties.'}"
2105053,2025-12-04T14:00:09.733316,3015,95,95,0,True,High,High,True,False,"communication, financial, job_posting, hiring_process, work_activity","communication, financial, job_posting, hiring_process, work_activity","{'primary_category': 'Financial Mark Scams', 'subcategory': 'Money Mule Scam'}","{'primary_category': 'Financial Mark Scams', 'subcategory': 'Fake Check/Wire Transfer Scam'}","{'level': 'Critical', 'potential_loss': 'Owe almost $XXXX', 'explanation': 'The victim is facing significant financial liability for funds received through fraudulent wire transfers, potentially owing tens of thousands of dollars.'}","{'level': 'Critical', 'potential_loss': 'XXXX dollars', 'explanation': 'Victim is liable for fraudulent wire transfers and bank account is frozen.'}"
2317878,2025-12-04T14:00:19.260408,528,95,95,0,True,High,High,True,False,"communication, financial, job_posting, hiring_process, work_activity","communication, financial, job_posting, hiring_process, work_activity","{'primary_category': 'Financial Mark Scams', 'subcategory': 'Fake Check Scam / Money Mule Activity'}","{'primary_category': 'Financial Mark Scams', 'subcategory': 'Fake Check Scam'}","{'level': 'Critical', 'potential_loss': 'The amount of the fraudulent check plus overdraft fees and potential legal repercussions.', 'explanation': 'The victim deposited a fraudulent check, withdrew the funds, and is now liable to the bank for the full amount plus any incurred fees. This can lead to significant debt and damage to credit.'}","{'level': 'High', 'potential_loss': 'Varies based on check amount and overdraft fees', 'explanation': 'Victim deposited a fake check and withdrew funds, leading to potential overdraft fees and financial liability.'}"
2318180,2025-12-04T14:00:26.276312,1207,95,90,5,True,High,High,True,False,"communication, financial, job_posting, hiring_process, work_activity","communication, financial, job_posting, hiring_process, work_activity","{'primary_category': 'Financial Mark Scams', 'subcategory': 'Money Mule Scam'}","{'primary_category': 'Financial Mark Scams', 'subcategory': 'Fraudulent Transactions'}","{'level': 'Critical', 'potential_loss': 'The full amount deposited ({[AMOUNT]}) and potentially more if further fraudulent activities were involved.', 'explanation': 'The victim directly deposited funds into an account associated with fraudulent activities, risking the loss of the deposited amount and potential involvement in criminal proceedings.'}","{'level': 'High', 'potential_loss': 'Unknown (dependent on amount deposited)', 'explanation': 'Victim deposited money into an account as part of a scam involving fraudulent transactions.'}"
2693172,2025-12-04T14:00:37.077508,2971,95,95,0,True,High,High,True,False,"communication, financial, job_posting, hiring_process, work_activity","communication, financial, job_posting, hiring_process, work_activity","{'primary_category': 'Financial Mark Scams', 'subcategory': 'Fake Check Scam'}","{'primary_category': 'Financial Mark Scams', 'subcategory': 'Fake Check Scam'}","{'level': 'Critical', 'potential_loss': ""Undetermined (victim's account frozen, potential for debt due to bounced check, blacklisted from financial institutions)"", 'explanation': ""The victim's bank account was frozen and closed due to a fraudulent check, leading to their inability to open new accounts and potentially facing debt or legal repercussions. The exact amount lost from the bounced check is not specified, but the impact on their financial standing is critical.""}","{'level': 'High', 'potential_loss': 'Creditworthiness and banking privileges', 'explanation': ""Victim's bank account was closed and reported for fraud due to depositing a fake check.""}"
2949134,2025-12-04T14:00:44.961089,2193,95,95,0,True,High,High,True,False,"communication, financial, job_posting, hiring_process, work_activity","communication, financial, job_posting, hiring_process, work_activity","{'primary_category': 'Financial Mark Scams', 'subcategory': 'Money Mule Scam'}","{'primary_category': 'Financial Mark Scams', 'subcategory': 'Money Mule Scheme'}","{'level': 'Critical', 'potential_loss': 'Unknown but substantial deficit in checking account', 'explanation': ""The victim's bank account was frozen and subsequently had payments reversed, leaving a large deficit. This indicates potential loss of funds that were deposited and then withdrawn or reversed, possibly leading to overdraft fees and further financial repercussions.""}","{'level': 'Critical', 'potential_loss': 'Very high, potentially entire account balance', 'explanation': ""The victim's account was used to transfer unauthorized funds, leading to a frozen account and a large deficit.""}"
3082144,2025-12-04T14:00:56.449844,1637,100,95,5,True,High,High,True,False,"communication, financial, job_posting, hiring_process, work_activity","communication, financial, job_posting, hiring_process, work_activity","{'primary_category': 'Financial Mark Scams', 'subcategory': 'Fake Check Scam'}","{'primary_category': 'Financial Mark Scams', 'subcategory': 'Fake Check Scam'}","{'level': 'Critical', 'potential_loss': '{[AMOUNT]} (initial fraudulent deposit) + {[AMOUNT]} (overdraft/balance due to bank)', 'explanation': ""The victim was tricked into depositing a bad check, then used to transfer funds to the scammer via a cashier's check. The victim is now liable for the full amount of the bad check, plus potential overdraft fees, leading to significant financial loss.""}","{'level': 'Critical', 'potential_loss': 'Significant financial loss due to overdraft and debt collection', 'explanation': ""Victim was tricked into depositing a fake check and issuing a cashier's check, leading to an overdraft and potential debt collection.""}"
3139446,2025-12-04T14:01:03.836034,3012,0,85,85,False,Low,High,False,False,"communication, financial, job_posting, hiring_process, work_activity","communication, financial, job_posting, hiring_process, work_activity","{'primary_category': 'Not Applicable', 'subcategory': 'Not Applicable'}","{'primary_category': 'Financial Mark Scams', 'subcategory': 'Debt Collection Fraud'}","{'level': 'High', 'potential_loss': 'Unknown, likely substantial debt/financial harm', 'explanation': 'The victim is being subjected to potentially illegal debt collection practices and has experienced significant financial harm and deception.'}","{'level': 'High', 'potential_loss': 'Significant financial loss due to uncredited payments', 'explanation': 'Multiple lump sum payments and monthly payments not applied to loan account'}"
3194894,2025-12-04T14:01:12.507271,3015,95,85,10,True,High,High,True,False,"communication, financial, job_posting, hiring_process, work_activity","communication, financial, job_posting, hiring_process, work_activity","{'primary_category': 'Financial Mark Scams', 'subcategory': 'Payment Scams / Fake Seller Scams'}","{'primary_category': 'Financial Mark Scams', 'subcategory': 'Payment Fraud'}","{'level': 'High', 'potential_loss': 'XXXX XXXX', 'explanation': 'The victim lost a significant amount of money from their checking account due to a fraudulent transaction.'}","{'level': 'High', 'potential_loss': 'Significant (exact amount not specified)', 'explanation': 'The victim lost money through a payment service not intended for goods/services, with no recourse for recovery.'}"
3604669,2025-12-04T14:01:23.261311,1707,95,95,0,True,High,High,True,False,"communication, financial, job_posting, hiring_process, work_activity","communication, financial, job_posting, hiring_process, work_activity","{'primary_category': 'Financial Mark Scams', 'subcategory': 'Fake Check / Money Mule Scam'}","{'primary_category': 'Financial Mark Scams', 'subcategory': 'Fake Check Scam'}","{'level': 'Critical', 'potential_loss': ""{[AMOUNT]} (from the invoice payment) + cost of gift cards + potential loss from cashier's check if not recovered."", 'explanation': 'The victim lost money paid to the scammer and is now liable for the bounced check and any fees associated with it. The total loss includes the invoice payment and the cost of gift cards purchased.'}","{'level': 'Critical', 'potential_loss': 'Several thousand dollars', 'explanation': 'Victim deposited a fake check, made payments and purchases based on it, and is now liable for the funds.'}"
3613259,2025-12-04T14:01:31.760994,1706,95,95,0,True,High,High,True,False,"communication, financial, job_posting, hiring_process, work_activity","communication, financial, job_posting, hiring_process, work_activity","{'primary_category': 'Financial Mark Scams', 'subcategory': 'Phantom Debt Scam'}","{'primary_category': 'Financial Mark Scams', 'subcategory': 'Phantom Debt Collection'}","{'level': 'High', 'potential_loss': 'Variable, but could include coerced payments for a non-existent debt.', 'explanation': 'The scammer is attempting to extract money by threatening legal action for a debt that cannot be substantiated. If the victim falls for the pressure, they could lose money they do not owe.'}","{'level': 'High', 'potential_loss': 'Varies based on coerced payments', 'explanation': 'Victim is pressured to pay non-existent debts under threat of legal action.'}"
4035380,2025-12-04T14:01:41.242446,1618,95,95,0,True,High,High,True,False,"communication, financial, job_posting, hiring_process, work_activity","communication, financial, job_posting, hiring_process, work_activity","{'primary_category': 'Financial Mark Scams', 'subcategory': 'Fake Job Offer with Fake Check'}","{'primary_category': 'Financial Mark Scams', 'subcategory': 'Fake Check Scam'}","{'level': 'Critical', 'potential_loss': 'Unknown, but likely includes the amount of the fake check and potentially overdraft fees or other bank charges. The victim is also facing the loss of their unemployment funds to cover bank obligations.', 'explanation': 'The victim deposited a fraudulent check and was instructed to send money to a third party. They are now responsible for the bounced check and any associated fees, potentially leading to significant debt and loss of essential funds.'}","{'level': 'Critical', 'potential_loss': 'Varies depending on the check amount and subsequent payments', 'explanation': 'Victim deposited a fake check and used funds to pay a vendor, resulting in financial liability.'}"
4129988,2025-12-04T14:01:48.971826,919,95,95,0,True,High,High,True,False,"communication, financial, job_posting, hiring_process, work_activity","communication, financial, job_posting, hiring_process, work_activity","{'primary_category': 'Financial Mark Scams', 'subcategory': 'Fake Check Scam with Money Mule Component'}","{'primary_category': 'Financial Mark Scams', 'subcategory': 'Fake Check Scam'}","{'level': 'Critical', 'potential_loss': 'Amounts associated with disputed and paid transactions, plus any funds transferred by the victim.', 'explanation': 'The victim has incurred financial losses and is actively involved in disputes with their credit union and PayPal due to fraudulent transactions stemming from the scam. The total loss is not specified but involves multiple transactions.'}","{'level': 'High', 'potential_loss': 'Significant amounts related to fake checks', 'explanation': 'Victim was involved in a fake check scam, leading to potential financial loss.'}"
4208330,2025-12-04T14:01:59.100605,2549,95,95,0,True,High,High,True,False,"communication, financial, job_posting, hiring_process, work_activity","communication, financial, job_posting, hiring_process, work_activity","{'primary_category': 'Financial Mark Scams', 'subcategory': 'Advance-fee scam'}","{'primary_category': 'Financial Mark Scams', 'subcategory': 'Fake Insurance Policy'}","{'level': 'Critical', 'potential_loss': '{[AMOUNT]}', 'explanation': ""The victim has already lost a significant amount of money ('{[AMOUNT]}') and is trying to recover it. The scam involved a fraudulent insurance policy and a direct payment request.""}","{'level': 'Critical', 'potential_loss': '{[AMOUNT]}', 'explanation': 'Victim has already lost money through a fraudulent transaction and no refund has been issued.'}"
4239683,2025-12-04T14:02:09.513550,2912,95,95,0,True,High,High,True,False,"communication, financial, job_posting, hiring_process, work_activity","communication, financial, job_posting, hiring_process, work_activity","{'primary_category': 'Financial Mark Scams', 'subcategory': 'Fake Check/Advance Fee Scam'}","{'primary_category': 'Financial Mark Scams', 'subcategory': 'Fake Check Scam'}","{'level': 'Critical', 'potential_loss': '{[AMOUNT]}', 'explanation': 'The victim transferred {[AMOUNT]} of their own money based on a fake check, and this money is unlikely to be recovered due to the account being closed.'}","{'level': 'Critical', 'potential_loss': ""Amount of cashier's check"", 'explanation': 'Victim used personal funds to cover equipment costs based on a fake check.'}"
4266841,2025-12-04T14:02:17.841109,2734,5,75,70,False,Low,High,False,False,"communication, financial, job_posting, hiring_process, work_activity","communication, financial, job_posting, hiring_process, work_activity","{'primary_category': 'None Identified', 'subcategory': 'None Identified'}","{'primary_category': 'Financial Mark Scams', 'subcategory': 'Fake Check Scams'}","{'level': 'High', 'potential_loss': 'Hundreds of thousands of dollars (historical scam mention)', 'explanation': ""The complainant mentions being a 'VICTIM of some of the very best and earliest scams relating to jobs' in the past, where they 'lost hundreds of thousands of dollars'. This historical loss is significant. The current situation involves bank accounts being reviewed or closed, indicating potential financial disruption and loss if funds are frozen or accounts are permanently closed.""}","{'level': 'Critical', 'potential_loss': 'Hundreds of thousands of dollars', 'explanation': 'Victim has experienced significant financial loss due to fraudulent checks.'}"
4306165,2025-12-04T14:02:27.009332,1261,95,85,10,True,High,High,True,False,"communication, financial, job_posting, hiring_process, work_activity","communication, financial, job_posting, hiring_process, work_activity","{'primary_category': 'Financial Mark Scams', 'subcategory': 'Fake Job Offer leading to Financial Loss'}","{'primary_category': 'Corporate Identity Theft', 'subcategory': 'Impersonation of Employee'}","{'level': 'Critical', 'potential_loss': '{[AMOUNT]} USD', 'explanation': 'The victim has already lost a significant amount of money ({[AMOUNT]} USD) due to the scam.'}","{'level': 'High', 'potential_loss': '{[AMOUNT]} USD', 'explanation': 'Victim has already lost a significant amount of money with no trace of the scammer.'}"
4306200,2025-12-04T14:02:34.471864,1294,95,90,5,True,High,High,True,False,"communication, financial, job_posting, hiring_process, work_activity","communication, financial, job_posting, hiring_process, work_activity","{'primary_category': 'Financial Mark Scams', 'subcategory': 'Money Mule Scam / Fake Job Scam'}","{'primary_category': 'Corporate Identity Theft', 'subcategory': 'Impersonation of Legitimate Company'}","{'level': 'Critical', 'potential_loss': '{[AMOUNT]} USD', 'explanation': 'The victim explicitly states they have lost {[AMOUNT]} USD in a fraudulent job scam and is attempting a recall, indicating a significant financial loss has already occurred or is at immediate risk.'}","{'level': 'Critical', 'potential_loss': '{[AMOUNT]}', 'explanation': 'Victim has already lost a significant amount of money due to fraudulent activity.'}"
4429479,2025-12-04T14:02:42.776256,1726,100,95,5,True,High,High,True,False,"communication, financial, job_posting, hiring_process, work_activity","communication, financial, job_posting, hiring_process, work_activity","{'primary_category': 'Financial Mark Scams', 'subcategory': 'Fake Check/Money Mule Scam'}","{'primary_category': 'Financial Mark Scams', 'subcategory': 'Fake Check Scam'}","{'level': 'Critical', 'potential_loss': '{[AMOUNT]}', 'explanation': 'The victim deposited a fraudulent check and then sent funds to third parties for equipment and training, only for the original check to bounce, leaving the victim responsible for the transferred funds.'}","{'level': 'High', 'potential_loss': 'Amount of the bounced check and any additional funds paid out', 'explanation': 'Victim deposited a fraudulent check and paid out funds, likely resulting in financial loss.'}"
4516979,2025-12-04T14:02:54.703025,2240,95,95,0,True,High,High,True,False,"communication, financial, job_posting, hiring_process, work_activity","communication, financial, job_posting, hiring_process, work_activity","{'primary_category': 'Financial Mark Scams', 'subcategory': 'Fake Check Scam'}","{'primary_category': 'Financial Mark Scams', 'subcategory': 'Fake Check Scam'}","{'level': 'Critical', 'potential_loss': 'Overdraft fees, the value of the money orders sent, and potential future fees or liabilities.', 'explanation': 'The victim experienced direct financial loss from overdraft fees and the value of the money orders sent. The bounced check could also lead to further bank charges or a negative banking history.'}","{'level': 'Critical', 'potential_loss': 'Varies depending on the amount of the fake check and overdraft fees', 'explanation': ""Victim's bank account was overdrawn due to a bounced check and money orders were sent.""}"
4553771,2025-12-04T14:03:14.400273,687,95,90,5,True,High,High,True,False,"communication, financial, job_posting, hiring_process, work_activity","communication, financial, job_posting, hiring_process, work_activity","{'primary_category': 'Financial Mark Scams', 'subcategory': 'Fake Check / Money Mule Scam'}","{'primary_category': 'Financial Mark Scams', 'subcategory': 'Fake Check Scams'}","{'level': 'Critical', 'potential_loss': 'All deposited funds, including IRS payments and stimulus money, as well as any other incoming funds to the account.', 'explanation': ""The victim lost all their deposited funds, including essential government payments, and had their bank account frozen. The scammers absconded with all incoming funds to the victim's account.""}","{'level': 'Critical', 'potential_loss': 'All IRS payments and stimulus money', 'explanation': 'Victim lost significant funds due to the bank recouping the bounced check amount.'}"
4635636,2025-12-04T14:03:34.562806,714,95,95,0,True,High,High,True,False,"communication, financial, job_posting, hiring_process, work_activity","communication, financial, job_posting, hiring_process, work_activity","{'primary_category': 'Financial Mark Scams', 'subcategory': 'Fake Check/Money Mule Scam'}","{'primary_category': 'Financial Mark Scams', 'subcategory': 'Fake Check Scam'}","{'level': 'Critical', 'potential_loss': 'Unspecified, but likely the full amount sent via money order and potentially overdraft fees from the bank.', 'explanation': 'The victim was instructed to deposit a fraudulent check and then send real money back, leading to a direct financial loss when the initial check bounced.'}","{'level': 'Critical', 'potential_loss': 'Unknown (depends on check amount and fees)', 'explanation': 'Victim deposited a fake check and was instructed to send money, leading to potential financial loss.'}"
4707982,2025-12-04T14:03:46.136777,591,95,95,0,True,High,High,True,False,"communication, financial, job_posting, hiring_process, work_activity","communication, financial, job_posting, hiring_process, work_activity","{'primary_category': 'Financial Mark Scams', 'subcategory': 'Fake Check/Money Mule Scam'}","{'primary_category': 'Financial Mark Scams', 'subcategory': 'Fake Check Scam'}","{'level': 'Critical', 'potential_loss': 'Unknown (Amount lost is not specified, but bank account closure and inability to access funds indicate significant financial distress.)', 'explanation': 'The victim has suffered direct financial loss, had their bank account closed, and is blocked from opening new accounts, indicating severe financial repercussions.'}","{'level': 'Critical', 'potential_loss': 'Unknown, but includes blocked access to funds and potential legal issues', 'explanation': ""Victim's bank account was closed and access to funds was denied due to fraudulent check.""}"
5187241,2025-12-04T14:03:59.740195,910,95,95,0,True,High,High,True,False,"communication, financial, job_posting, hiring_process, work_activity","communication, financial, job_posting, hiring_process, work_activity","{'primary_category': 'Financial Mark Scams', 'subcategory': 'Fake Check Scam'}","{'primary_category': 'Financial Mark Scams', 'subcategory': 'Fake Check Scam'}","{'level': 'Critical', 'potential_loss': '{[AMOUNT]}', 'explanation': 'The victim was instructed to deposit a fraudulent check and then send a portion of the funds to unknown parties, resulting in a significant financial loss that the bank could not fully recover.'}","{'level': 'Critical', 'potential_loss': 'Significant funds from personal bank account', 'explanation': 'Victim was instructed to deposit a fake check and send money, resulting in financial loss.'}"
5215412,2025-12-04T14:04:12.006430,451,95,90,5,True,High,High,True,False,"communication, financial, job_posting, hiring_process, work_activity","communication, financial, job_posting, hiring_process, work_activity","{'primary_category': 'Financial Mark Scams', 'subcategory': 'Money Mule Scam'}","{'primary_category': 'Financial Mark Scams', 'subcategory': 'Fake Job Offer'}","{'level': 'Critical', 'potential_loss': '{[AMOUNT]}', 'explanation': 'The victim has already sent a significant amount of money which they have been informed is not reversible.'}","{'level': 'High', 'potential_loss': '[AMOUNT]', 'explanation': 'Victim sent money to a scammer under the pretense of a job offer.'}"
5238372,2025-12-04T14:04:22.984932,897,95,95,0,True,High,High,True,False,"communication, financial, job_posting, hiring_process, work_activity","communication, financial, job_posting, hiring_process, work_activity","{'primary_category': 'Financial Mark Scams', 'subcategory': 'Money Mule Scam'}","{'primary_category': 'Financial Mark Scams', 'subcategory': 'Fake Placement/Staffing Scams'}","{'level': 'Critical', 'potential_loss': '{[AMOUNT]}', 'explanation': 'The victim was instructed to deposit fraudulent checks and forward funds, resulting in direct financial loss when the checks bounced. This is a classic money mule scam where the victim inadvertently facilitates financial fraud.'}","{'level': 'Critical', 'potential_loss': 'Unknown amount', 'explanation': 'Victim lost money due to bounced checks and forwarding funds.'}"
5310888,2025-12-04T14:04:50.404602,1565,95,95,0,True,High,High,True,False,"communication, financial, job_posting, hiring_process, work_activity","communication, financial, job_posting, hiring_process, work_activity","{'primary_category': 'Financial Mark Scams', 'subcategory': 'Money Mule Scam'}","{'primary_category': 'Financial Mark Scams', 'subcategory': 'Cryptocurrency Scam'}","{'level': 'Critical', 'potential_loss': '{[AMOUNT] x 3}', 'explanation': ""The victim was instructed to wire substantial amounts of money from their personal bank accounts to a third-party's Coinbase account, resulting in the complete loss of these funds. This is characteristic of money mule scams where victims unknowingly facilitate illegal transactions.""}","{'level': 'Critical', 'potential_loss': 'Significant amounts wired', 'explanation': 'Victim was instructed to wire money to a fraudulent account, resulting in loss of funds.'}"
5541457,2025-12-04T14:05:05.556808,3018,95,95,0,True,High,High,True,False,"communication, financial, job_posting, hiring_process, work_activity","communication, financial, job_posting, hiring_process, work_activity","{'primary_category': 'Financial Mark Scams', 'subcategory': 'Fake Check Scam'}","{'primary_category': 'Financial Mark Scams', 'subcategory': 'Fake Check Scam'}","{'level': 'Critical', 'potential_loss': 'Significant (amount of the fraudulent check, bounced check fees, late fees, potential for further identity theft)', 'explanation': ""The victim lost the funds they transferred, incurred significant bank fees, and potentially faced damage to their credit due to the bounced mortgage payment. The scammer obtained funds directly from the victim's bank account through the bounced check.""}","{'level': 'Critical', 'potential_loss': 'Significant amounts transferred and additional fees incurred.', 'explanation': 'Victim transferred funds based on fraudulent checks, resulting in a negative account balance and additional fees.'}"
5632648,2025-12-04T14:05:15.797254,1373,95,95,0,True,High,High,True,False,"communication, financial, job_posting, hiring_process, work_activity","communication, financial, job_posting, hiring_process, work_activity","{'primary_category': 'Financial Mark Scams', 'subcategory': 'Money Mule Scam'}","{'primary_category': 'Financial Mark Scams', 'subcategory': 'Fake Check Scam'}","{'level': 'Critical', 'potential_loss': '{[AMOUNT]} and {[AMOUNT]}', 'explanation': 'The victim lost a significant amount of money due to depositing fraudulent checks and making payments to scammers, further exacerbated by bank fees and the reversal of funds.'}","{'level': 'Critical', 'potential_loss': 'Significant financial loss due to fraudulent checks', 'explanation': 'Victim deposited fraudulent checks and made payments based on the availability of funds, resulting in a financial loss when checks were reversed.'}"
5668688,2025-12-04T14:05:27.059942,1925,95,95,0,True,High,High,True,False,"communication, financial, job_posting, hiring_process, work_activity","communication, financial, job_posting, hiring_process, work_activity","{'primary_category': 'Financial Mark Scams', 'subcategory': 'Fake Job Offer / Payment Scam'}","{'primary_category': 'Financial Mark Scams', 'subcategory': 'Fake Equipment Purchase'}","{'level': 'Critical', 'potential_loss': '{[AMOUNT]}', 'explanation': 'The victim lost a significant amount of money by sending funds for fake equipment purchases, and recovery is uncertain.'}","{'level': 'Critical', 'potential_loss': '{[AMOUNT]}', 'explanation': 'Victim transferred significant funds for supposed equipment purchase.'}"
5762283,2025-12-04T14:05:37.564952,3017,95,95,0,True,High,High,True,False,"communication, financial, job_posting, hiring_process, work_activity","communication, financial, job_posting, hiring_process, work_activity","{'primary_category': 'Financial Mark Scams', 'subcategory': 'Fake Check/Money Mule Scam'}","{'primary_category': 'Financial Mark Scams', 'subcategory': 'Fake Check Scam'}","{'level': 'Critical', 'potential_loss': 'Unknown, but significant due to account charge-off', 'explanation': 'The victim is facing a charged-off bank account with an owed balance, indicating a direct financial loss resulting from the scam and subsequent bank actions. The actual funds lost through the fake check clearing are not fully detailed but are implied to be substantial.'}","{'level': 'High', 'potential_loss': 'Varies depending on check amount and bank fees', 'explanation': 'Victim is liable for the fake check amount and any associated bank fees.'}"
5788206,2025-12-04T14:05:47.192881,1066,95,95,0,True,High,High,True,False,"communication, financial, job_posting, hiring_process, work_activity","communication, financial, job_posting, hiring_process, work_activity","{'primary_category': 'Financial Mark Scams', 'subcategory': 'Fake Check Scam / Money Mule Scam'}","{'primary_category': 'Financial Mark Scams', 'subcategory': 'Fake Check Scam'}","{'level': 'Critical', 'potential_loss': '{[AMOUNT]}', 'explanation': 'The victim lost the full amount they sent out, and their bank account is now overdrawn due to the bad check bouncing.'}","{'level': 'Critical', 'potential_loss': 'Significant, as account is in the negatives', 'explanation': 'Victim was instructed to send money from a fake check, resulting in financial loss and negative account balance.'}"
5793778,2025-12-04T14:05:54.891843,513,95,95,0,True,High,High,True,False,"communication, financial, job_posting, hiring_process, work_activity","communication, financial, job_posting, hiring_process, work_activity","{'primary_category': 'Financial Mark Scams', 'subcategory': 'Fake Check Scam'}","{'primary_category': 'Financial Mark Scams', 'subcategory': 'Fake Check Scam'}","{'level': 'Critical', 'potential_loss': '{[AMOUNT]} (initial fraudulent check amount) + resulting overdraft fees/account damage', 'explanation': 'The victim lost the amount they sent via Venmo and is now liable for the bounced check amount, likely incurring significant overdraft fees and potentially damaging their banking relationship.'}","{'level': 'High', 'potential_loss': 'Amount of the check', 'explanation': 'Victim was left with a negative balance after the check bounced and funds were transferred.'}"
5801649,2025-12-04T14:06:05.152759,3015,95,95,0,True,High,High,True,False,"communication, financial, job_posting, hiring_process, work_activity","communication, financial, job_posting, hiring_process, work_activity","{'primary_category': 'Financial Mark Scams', 'subcategory': 'Fake Check / Advance Fee Scam'}","{'primary_category': 'Financial Mark Scams', 'subcategory': 'Fake Check Scam'}","{'level': 'Critical', 'potential_loss': '{[AMOUNT]} + overdraft fees and potential legal issues if not resolved.', 'explanation': ""The victim lost the amount of the cashier's check and is now in a negative bank balance due to the fraudulent check. They are also at risk of further financial penalties from the bank.""}","{'level': 'Critical', 'potential_loss': ""Amount of the cashier's check"", 'explanation': ""Victim was left with a negative balance after depositing a counterfeit check and sending a cashier's check.""}"
5805173,2025-12-04T14:06:18.976354,650,95,95,0,True,High,High,True,False,"communication, financial, job_posting, hiring_process, work_activity","communication, financial, job_posting, hiring_process, work_activity","{'primary_category': 'Financial Mark Scams', 'subcategory': 'Fake Check / Money Mule Scam'}","{'primary_category': 'Financial Mark Scams', 'subcategory': 'Fake Check Scam'}","{'level': 'Critical', 'potential_loss': '{[AMOUNT]} (from the money sent)', 'explanation': ""The victim sent real money to the scammer after receiving a fake check. The bank's stance on covering the loss for the sent money puts the victim at significant financial risk.""}","{'level': 'Critical', 'potential_loss': 'Amount sent to third parties', 'explanation': 'Victim is liable for funds sent from their account due to fake check'}"
5819576,2025-12-04T14:06:26.554074,2027,95,95,0,True,High,High,True,False,"communication, financial, job_posting, hiring_process, work_activity","communication, financial, job_posting, hiring_process, work_activity","{'primary_category': 'Financial Mark Scams', 'subcategory': 'Fake Job Offer Scam'}","{'primary_category': 'Financial Mark Scams', 'subcategory': 'Fake Check Scams'}","{'level': 'Critical', 'potential_loss': '{[AMOUNT]}', 'explanation': 'The victim lost money directly to the scammers and subsequently had their bank account closed due to depositing a fraudulent check, potentially impacting their ability to conduct future financial transactions.'}","{'level': 'High', 'potential_loss': '{[AMOUNT]}', 'explanation': 'Victim transferred money upfront for training materials and received a fictitious check as reimbursement, leading to potential financial loss and bank account closure.'}"
5833930,2025-12-04T14:06:41.199580,2379,95,95,0,True,High,High,True,False,"communication, financial, job_posting, hiring_process, work_activity","communication, financial, job_posting, hiring_process, work_activity","{'primary_category': 'Financial Mark Scams', 'subcategory': 'Fake Check/Money Mule Scam'}","{'primary_category': 'Financial Mark Scams', 'subcategory': 'Fake Check Scam'}","{'level': 'Critical', 'potential_loss': 'Significant, based on the amounts transferred and the resulting negative account balance.', 'explanation': 'The victim transferred a substantial amount of their own money, believing it was for legitimate equipment, and is now facing a negative bank account balance due to the fake check.'}","{'level': 'Critical', 'potential_loss': 'Significant amount transferred via fake check', 'explanation': 'Victim transferred personal funds based on a fake check deposit.'}"
5834474,2025-12-04T14:06:50.210226,3015,95,90,5,True,High,High,True,False,"communication, financial, job_posting, hiring_process, work_activity","communication, financial, job_posting, hiring_process, work_activity","{'primary_category': 'Financial Mark Scams', 'subcategory': 'Fake Job Offer / Fake Check Scam'}","{'primary_category': 'Financial Mark Scams', 'subcategory': 'Fake Check Scam'}","{'level': 'Critical', 'potential_loss': 'Unknown (potentially the full amount of the fake checks plus any associated fees)', 'explanation': 'The victim has deposited fake checks and potentially sent money from their account. They are at risk of being liable for the bounced check amounts, overdraft fees, and any funds they may have already transferred.'}","{'level': 'High', 'potential_loss': 'Varies depending on check amounts', 'explanation': 'Victim deposited fake checks and sent money to scammers, risking financial loss.'}"
5844349,2025-12-04T14:07:01.033666,2998,95,90,5,True,High,High,True,False,"communication, financial, job_posting, hiring_process, work_activity","communication, financial, job_posting, hiring_process, work_activity","{'primary_category': 'Financial Mark Scams', 'subcategory': 'Money Mule Scam'}","{'primary_category': 'Financial Mark Scams', 'subcategory': 'Fake Check Scam'}","{'level': 'Critical', 'potential_loss': 'Undetermined, but includes negative account balance and potential debt.', 'explanation': ""The victim's bank account was closed and subsequently reopened with a negative balance due to the fraudulent check and the scammer-facilitated transfers. This has also led to charges being sent back due to the negative amount, indicating ongoing financial distress and potential for further loss.""}","{'level': 'Critical', 'potential_loss': 'Varies, but includes negative account balance and potential overdraft fees', 'explanation': ""Victim's bank account was closed and reopened with a negative balance due to fraudulent check and subsequent transactions.""}"
5903957,2025-12-04T14:07:08.131173,2103,95,95,0,True,High,High,True,False,"communication, financial, job_posting, hiring_process, work_activity","communication, financial, job_posting, hiring_process, work_activity","{'primary_category': 'Financial Mark Scams', 'subcategory': 'Fake Check / Advance Fee Scam'}","{'primary_category': 'Financial Mark Scams', 'subcategory': 'Fake Check Scam'}","{'level': 'High', 'potential_loss': '{[AMOUNT]} (and potentially more, depending on the total amount of checks deposited and funds sent)', 'explanation': 'The victim lost the amount they sent via Zelle, believing it was for legitimate work expenses, and their bank account was depleted by the bounced checks.'}","{'level': 'Critical', 'potential_loss': 'Significant amount sent via XXXX', 'explanation': 'Victim used personal funds after checks were returned.'}"
6184246,2025-12-04T14:07:17.245574,1234,95,95,0,True,High,High,True,False,"communication, financial, job_posting, hiring_process, work_activity","communication, financial, job_posting, hiring_process, work_activity","{'primary_category': 'Financial Mark Scams', 'subcategory': 'Money Mule Scam'}","{'primary_category': 'Financial Mark Scams', 'subcategory': 'Money Mule'}","{'level': 'Critical', 'potential_loss': '{[AMOUNT]}', 'explanation': 'The victim was instructed to deposit and then use funds that were fraudulent, leading to potential liability for the stolen money and the loss of the funds used to purchase Bitcoin.'}","{'level': 'Critical', 'potential_loss': 'Unknown, but includes the amount deposited and potential legal consequences', 'explanation': 'The victim was used as a money mule, which can result in significant financial loss and legal issues.'}"
6419337,2025-12-04T14:07:26.255016,3017,95,95,0,True,High,High,True,False,"communication, financial, job_posting, hiring_process, work_activity","communication, financial, job_posting, hiring_process, work_activity","{'primary_category': 'Financial Mark Scams', 'subcategory': 'Fake Check/Advance Fee Scam'}","{'primary_category': 'Financial Mark Scams', 'subcategory': 'Fake Check Scam'}","{'level': 'High', 'potential_loss': '{[AMOUNT]}', 'explanation': 'The victim was tricked into sending {[AMOUNT]} of their own money to a third party based on a fraudulent check. The full amount of the check was also temporarily held or potentially withdrawn from their account.'}","{'level': 'Critical', 'potential_loss': 'Potentially thousands of dollars', 'explanation': 'Victim was instructed to deposit a fake check and send money to a third party, risking personal funds.'}"
6427148,2025-12-04T14:07:36.904405,1070,95,95,0,True,High,High,True,False,"communication, financial, job_posting, hiring_process, work_activity","communication, financial, job_posting, hiring_process, work_activity","{'primary_category': 'Financial Mark Scams', 'subcategory': 'Fake Check Scam'}","{'primary_category': 'Financial Mark Scams', 'subcategory': 'Fake Check Scam'}","{'level': 'Critical', 'potential_loss': '[{AMOUNT}]', 'explanation': ""The victim lost the amount of money they sent to the 'stylist' after depositing a fake check, which was then retracted by the bank. The bank's denial of reimbursement leaves the victim responsible for the full loss.""}","{'level': 'Critical', 'potential_loss': '{[AMOUNT]}', 'explanation': 'Victim was instructed to send money from a fake check, resulting in financial loss.'}"
6483849,2025-12-04T14:07:43.480105,1819,95,95,0,True,High,High,True,False,"communication, financial, job_posting, hiring_process, work_activity","communication, financial, job_posting, hiring_process, work_activity","{'primary_category': 'Financial Mark Scams', 'subcategory': 'Fake Check Scam'}","{'primary_category': 'Financial Mark Scams', 'subcategory': 'Fake Check Scam'}","{'level': 'Critical', 'potential_loss': 'Thousands of dollars', 'explanation': 'The victim is thousands of dollars negative in their account due to depositing fake checks and then sending legitimate funds to scammers, and is now responsible for repaying the bank.'}","{'level': 'Critical', 'potential_loss': 'Thousands of dollars', 'explanation': 'The victim is responsible for the funds sent to vendors after depositing fake checks.'}"
6504818,2025-12-04T14:07:52.366771,1301,95,95,0,True,High,High,True,False,"communication, financial, job_posting, hiring_process, work_activity","communication, financial, job_posting, hiring_process, work_activity","{'primary_category': 'Financial Mark Scams', 'subcategory': 'Fake Check/Payment Scam'}","{'primary_category': 'Financial Mark Scams', 'subcategory': 'Fake Check Scam'}","{'level': 'Critical', 'potential_loss': '{[AMOUNT]}', 'explanation': ""The victim lost {[AMOUNT]} from their bank account after a fraudulent check bounced, in addition to potentially losing the funds sent to 'vendors'. Their account was left negative.""}","{'level': 'Critical', 'potential_loss': 'Significant financial loss due to returned checks', 'explanation': ""Victim's account was left negative after checks were returned unpaid""}"
6584888,2025-12-04T14:08:00.099136,299,95,95,0,True,High,High,True,False,"communication, financial, job_posting, hiring_process, work_activity","communication, financial, job_posting, hiring_process, work_activity","{'primary_category': 'Financial Mark Scams', 'subcategory': 'Fake Check/Money Mule Scam'}","{'primary_category': 'Financial Mark Scams', 'subcategory': 'Fake Check Scam'}","{'level': 'Critical', 'potential_loss': '{[AMOUNT]}', 'explanation': 'The victim has already experienced financial loss due to a bad check and has an overdrawn bank account. Further financial repercussions are likely if the scam continues or if they fall for other aspects of the scam.'}","{'level': 'Critical', 'potential_loss': 'Amount overdrawn from bank account', 'explanation': 'Victim deposited a fake check and is now facing financial loss due to overdraft.'}"
6703555,2025-12-04T14:08:08.440720,3015,95,95,0,True,High,High,True,False,"communication, financial, job_posting, hiring_process, work_activity","communication, financial, job_posting, hiring_process, work_activity","{'primary_category': 'Financial Mark Scams', 'subcategory': 'Fake Check / Advance Fee Scam'}","{'primary_category': 'Financial Mark Scams', 'subcategory': 'Fake Check Scam'}","{'level': 'Critical', 'potential_loss': 'Unknown, but includes the amount of the fake check, any funds sent back, and potentially the negative bank balance plus collection fees.', 'explanation': 'The victim was tricked into depositing a fake check and then wiring funds, leading to a negative bank balance and potential collection actions.'}","{'level': 'Critical', 'potential_loss': 'Unknown, but includes negative bank balance and potential debt collection', 'explanation': 'Victim deposited a fake check and was instructed to send money back, resulting in a negative balance and potential debt.'}"
6903972,2025-12-04T14:08:19.702543,3015,95,95,0,True,High,High,True,False,"communication, financial, job_posting, hiring_process, work_activity","communication, financial, job_posting, hiring_process, work_activity","{'primary_category': 'Financial Mark Scams', 'subcategory': 'Mystery Shopper Scam'}","{'primary_category': 'Financial Mark Scams', 'subcategory': 'Mystery Shopper Scam'}","{'level': 'Critical', 'potential_loss': '{[AMOUNT]} plus unknown fees and interest', 'explanation': 'The victim is facing significant financial loss due to fraudulent purchases made on credit cards, with the bank ultimately holding the victim responsible. The total amount is substantial, and ongoing fees and interest will increase the loss.'}","{'level': 'Critical', 'potential_loss': '{[AMOUNT]}', 'explanation': 'Victim made significant purchases on credit cards under false pretenses and is now liable for the charges.'}"
6927073,2025-12-04T14:08:29.743319,3015,95,95,0,True,High,High,True,False,"communication, financial, job_posting, hiring_process, work_activity","communication, financial, job_posting, hiring_process, work_activity","{'primary_category': 'Financial Mark Scams', 'subcategory': 'Money Mule Scam'}","{'primary_category': 'Financial Mark Scams', 'subcategory': 'Cryptocurrency Fraud'}","{'level': 'Critical', 'potential_loss': 'Unknown, but includes frozen bank accounts and inability to pay bills', 'explanation': ""The victim's bank accounts, including their husband's, were frozen by Bank of America due to suspected fraudulent cryptocurrency operations, leaving them unable to pay bills and potentially facing further financial repercussions.""}","{'level': 'Critical', 'potential_loss': 'Unknown, but includes potential loss of all bank funds and legal implications', 'explanation': 'Involvement in unauthorized financial transactions and account closures'}"
7212558,2025-12-04T14:08:40.428185,1983,95,95,0,True,High,High,True,False,"communication, financial, job_posting, hiring_process, work_activity","communication, financial, job_posting, hiring_process, work_activity","{'primary_category': 'Financial Mark Scams', 'subcategory': 'Fake Job Offer Scam (often with fake check/money mule component)'}","{'primary_category': 'Financial Mark Scams', 'subcategory': 'Fake Check Scam'}","{'level': 'Critical', 'potential_loss': 'Significant (amount of the fake check plus potentially the unauthorized Venmo charges)', 'explanation': 'The victim sent money from their own account based on a fraudulent check. They are also facing potential charges from Venmo for unauthorized transactions and could be liable for the bounced check.'}","{'level': 'Critical', 'potential_loss': 'Significant financial loss due to fake check and unauthorized transactions', 'explanation': 'Victim sent money based on a fake check and now faces potential charges from Venmo'}"
7283899,2025-12-04T14:08:52.688996,2421,95,95,0,True,High,High,True,False,"communication, financial, job_posting, hiring_process, work_activity","communication, financial, job_posting, hiring_process, work_activity","{'primary_category': 'Financial Mark Scams', 'subcategory': 'Fake Check / Wire Transfer Scam'}","{'primary_category': 'Financial Mark Scams', 'subcategory': 'Fake Check Scam'}","{'level': 'Critical', 'potential_loss': '$ [AMOUNT] (initial check) + $ [Amount wired] + potentially more if the fraudulent check bounces and the bank holds the victim responsible for the full amount of the fraudulent check.', 'explanation': ""The victim was instructed to deposit a fraudulent check and then wire a significant portion of those funds. This exposes them to potential loss of the wired amount and any fees or penalties from their bank for depositing a fraudulent check. The bank's reaction suggests the victim is on the hook for the full amount of the fake check.""}","{'level': 'Critical', 'potential_loss': 'Amount of the fraudulent check and wire transfer', 'explanation': 'Victim was asked to deposit a fraudulent check and wire funds, leading to potential financial loss.'}"
7334108,2025-12-04T14:09:01.794697,2544,95,95,0,True,High,High,True,False,"communication, financial, job_posting, hiring_process, work_activity","communication, financial, job_posting, hiring_process, work_activity","{'primary_category': 'Financial Mark Scams', 'subcategory': 'Fake Check/Money Mule Scam'}","{'primary_category': 'Financial Mark Scams', 'subcategory': 'Check Fraud'}","{'level': 'Critical', 'potential_loss': '{[AMOUNT]}', 'explanation': 'The victim lost {[AMOUNT]} due to a fraudulent check and subsequent wire transfer initiated under the false pretense of legitimate employment.'}","{'level': 'Critical', 'potential_loss': 'Significant amount related to the check and subsequent transfer', 'explanation': 'Victim was led to deposit a fake check and then send money, resulting in financial loss.'}"
7616873,2025-12-04T14:09:11.215946,3016,95,95,0,True,High,High,True,False,"communication, financial, job_posting, hiring_process, work_activity","communication, financial, job_posting, hiring_process, work_activity","{'primary_category': 'Financial Mark Scams', 'subcategory': 'Fake Check/Advance Fee Scam'}","{'primary_category': 'Financial Mark Scams', 'subcategory': 'Fake Check Scam'}","{'level': 'Critical', 'potential_loss': '{[AMOUNT]}', 'explanation': 'The victim lost the deposited amount, leading to account closure and potential further financial repercussions.'}","{'level': 'Critical', 'potential_loss': 'Unknown but potentially significant due to bank account closure', 'explanation': ""Victim's bank account was closed due to suspicious activity involving fake checks.""}"
7672786,2025-12-04T14:09:17.384696,361,95,95,0,True,High,High,True,False,"communication, financial, job_posting, hiring_process, work_activity","communication, financial, job_posting, hiring_process, work_activity","{'primary_category': 'Financial Mark Scams', 'subcategory': 'Fake Check/Money Mule Scam'}","{'primary_category': 'Financial Mark Scams', 'subcategory': 'Fake Check Scam'}","{'level': 'Critical', 'potential_loss': '{[AMOUNT]}', 'explanation': 'The victim was involved in a scam that resulted in significant financial loss due to fraudulent transactions including a deposited fake check and a sent fraudulent money transfer. The bank is holding the victim responsible for the money transfer, despite clearing the fraudulent check.'}","{'level': 'Critical', 'potential_loss': '{[AMOUNT]}', 'explanation': 'The victim is held responsible for a fraudulent money transfer, indicating a significant financial risk.'}"
7873197,2025-12-04T14:09:26.168429,1597,95,95,0,True,High,High,True,False,"communication, financial, job_posting, hiring_process, work_activity","communication, financial, job_posting, hiring_process, work_activity","{'primary_category': 'Financial Mark Scams', 'subcategory': 'Fake Check Scam'}","{'primary_category': 'Financial Mark Scams', 'subcategory': 'Fake Check Scam'}","{'level': 'Critical', 'potential_loss': 'Nearly $XXXX', 'explanation': ""The victim lost a significant amount of money by depositing fraudulent checks and transferring funds based on the scammer's instructions.""}","{'level': 'Critical', 'potential_loss': 'nearly $XXXX', 'explanation': 'Victim lost money due to transferring funds from fake checks.'}"
7873321,2025-12-04T14:09:37.526612,2238,95,95,0,True,High,High,True,False,"communication, financial, job_posting, hiring_process, work_activity","communication, financial, job_posting, hiring_process, work_activity","{'primary_category': 'Financial Mark Scams', 'subcategory': 'Money Mule Scheme'}","{'primary_category': 'Financial Mark Scams', 'subcategory': 'Fake Check Scams'}","{'level': 'Critical', 'potential_loss': 'Likely several thousand dollars (based on the amount of fraudulent checks and equipment costs)', 'explanation': 'The victim was instructed to deposit fraudulent checks, transfer funds to third parties, and purchase equipment that was subsequently lost. This is a common money mule scam designed to defraud both the victim and the financial institutions involved.'}","{'level': 'Critical', 'potential_loss': 'Significant financial loss due to fake checks and equipment purchases', 'explanation': 'Victim was deceived into depositing fake checks and making upfront payments for equipment, leading to substantial financial liability.'}"
7877277,2025-12-04T14:09:47.671595,3014,95,95,0,True,High,High,True,False,"communication, financial, job_posting, hiring_process, work_activity","communication, financial, job_posting, hiring_process, work_activity","{'primary_category': 'Financial Mark Scams', 'subcategory': 'Fake Placement/Staffing Scams'}","{'primary_category': 'Financial Mark Scams', 'subcategory': 'Fake Employment'}","{'level': 'Critical', 'potential_loss': '$XXXX (amount lost)', 'explanation': 'The victim lost a significant amount of money through fraudulent checks and wire transfers for fictitious equipment purchases.'}","{'level': 'Critical', 'potential_loss': 'Significant financial loss due to equipment purchase and wire transfers', 'explanation': 'Victim was instructed to purchase equipment and send money via wire transfers, resulting in financial loss.'}"
8194212,2025-12-04T14:09:56.169217,1476,95,95,0,True,High,High,True,False,"communication, financial, job_posting, hiring_process, work_activity","communication, financial, job_posting, hiring_process, work_activity","{'primary_category': 'Financial Mark Scams', 'subcategory': 'Fake Check Scam'}","{'primary_category': 'Financial Mark Scams', 'subcategory': 'Fake Check Scam'}","{'level': 'Critical', 'potential_loss': 'The amount of the wire transfer plus any associated bank fees, and potentially the entire amount of the fraudulent check if not fully covered by the bank.', 'explanation': 'The victim lost a significant amount of personal savings through a wire transfer, impacting their ability to pay rent and other bills.'}","{'level': 'Critical', 'potential_loss': 'Significant personal savings', 'explanation': 'Victim lost personal funds due to fake check scam and wire transfer.'}"
8423861,2025-12-04T14:10:02.517696,1261,100,85,15,True,High,High,True,False,"communication, financial, job_posting, hiring_process, work_activity","communication, financial, job_posting, hiring_process, work_activity","{'primary_category': 'Financial Mark Scams', 'subcategory': 'Fake Investment/Money Mule Scheme'}","{'primary_category': 'Financial Mark Scams', 'subcategory': 'Bank Dispute Handling Issues'}","{'level': 'Critical', 'potential_loss': 'Unknown, but significant enough to warrant police and multiple agency reports.', 'explanation': ""The victim's daughter was likely used as a money mule, and the financial loss could be substantial and potentially extend to legal liabilities if not handled correctly.""}","{'level': 'High', 'potential_loss': 'Unknown', 'explanation': ""The victim's daughter was involved in a scam that led to financial transactions requiring disputes.""}"
8714085,2025-12-04T14:10:10.096461,2987,95,95,0,True,High,High,True,False,"communication, financial, job_posting, hiring_process, work_activity","communication, financial, job_posting, hiring_process, work_activity","{'primary_category': 'Financial Mark Scams', 'subcategory': 'Fake Check Scam'}","{'primary_category': 'Financial Mark Scams', 'subcategory': 'Fake Check Scam'}","{'level': 'Critical', 'potential_loss': '{[AMOUNT]} (amount of the bounced check and the funds transferred)', 'explanation': 'The victim deposited a fraudulent check, then transferred funds from that deposit to another scammer, and is now being held responsible by the bank for the full amount of the bounced check.'}","{'level': 'High', 'potential_loss': '{[AMOUNT]}', 'explanation': 'Victim is liable for the amount transferred via Zelle after the check bounced.'}"
8790731,2025-12-04T14:10:20.434800,727,95,95,0,True,High,High,True,False,"communication, financial, job_posting, hiring_process, work_activity","communication, financial, job_posting, hiring_process, work_activity","{'primary_category': 'Financial Mark Scams', 'subcategory': 'Fake Check / Money Mule Scam'}","{'primary_category': 'Financial Mark Scams', 'subcategory': 'Fake Check Scam'}","{'level': 'Critical', 'potential_loss': 'XXXX dollars (amount sent by the victim) plus potential overdraft fees and negative impact on credit.', 'explanation': 'The victim lost personal funds and had their bank account permanently closed, indicating significant financial and reputational damage.'}","{'level': 'High', 'potential_loss': 'XXXX dollars', 'explanation': 'Victim was asked to send personal funds after depositing a fake check, leading to potential financial loss and bank account closure.'}"
8951824,2025-12-04T14:10:28.424856,540,95,95,0,True,High,High,True,False,"communication, financial, job_posting, hiring_process, work_activity","communication, financial, job_posting, hiring_process, work_activity","{'primary_category': 'Financial Mark Scams', 'subcategory': 'Fake Payment/Equipment Scam'}","{'primary_category': 'Financial Mark Scams', 'subcategory': 'Fake Equipment Purchase'}","{'level': 'High', 'potential_loss': '{[AMOUNT]} and {[AMOUNT]}', 'explanation': 'The victim has already sent significant sums of money to fraudulent vendors and is now seeking to recover these losses.'}","{'level': 'High', 'potential_loss': 'Unknown amounts', 'explanation': 'Victim sent payments to vendors for supposed job-related equipment.'}"
8988178,2025-12-04T14:10:39.178006,625,95,90,5,True,High,High,True,False,"communication, financial, job_posting, hiring_process, work_activity","communication, financial, job_posting, hiring_process, work_activity","{'primary_category': 'Financial Mark Scams', 'subcategory': 'Account Takeover/Information Theft'}","{'primary_category': 'Financial Mark Scams', 'subcategory': 'Bank Account Theft'}","{'level': 'Critical', 'potential_loss': 'Unknown (at least all funds in the account, potential for further identity theft)', 'explanation': ""The victim's bank account has been compromised, leading to unauthorized card activity and inability to access funds, resulting in immediate financial hardship and eviction risk.""}","{'level': 'Critical', 'potential_loss': 'Unknown, but includes bank account access and potential eviction', 'explanation': ""The victim's bank account was compromised, leading to potential financial loss and eviction risk.""}"
9047695,2025-12-04T14:10:50.853310,1042,95,95,0,True,High,High,True,False,"communication, financial, job_posting, hiring_process, work_activity","communication, financial, job_posting, hiring_process, work_activity","{'primary_category': 'Financial Mark Scams', 'subcategory': 'Identity Theft and Payment Fraud'}","{'primary_category': 'Financial Mark Scams', 'subcategory': 'Corporate Identity Theft'}","{'level': 'Critical', 'potential_loss': 'Unknown, but includes cost of cell phones and potential impact on credit score and banking history.', 'explanation': ""The victim's financial accounts have been directly compromised, leading to unauthorized purchases and fraudulent transactions. The resolution process with Discover has been unsatisfactory, leaving the victim responsible for the financial fallout.""}","{'level': 'Critical', 'potential_loss': 'Significant financial liability from unauthorized transactions', 'explanation': ""Victim's accounts were used for unauthorized purchases and financial transactions, leading to potential significant financial losses.""}"
9095183,2025-12-04T14:10:59.554717,1283,95,95,0,True,High,High,True,False,"communication, financial, job_posting, hiring_process, work_activity","communication, financial, job_posting, hiring_process, work_activity","{'primary_category': 'Financial Mark Scams', 'subcategory': 'Fake Check Scam'}","{'primary_category': 'Financial Mark Scams', 'subcategory': 'Fake Check Scam'}","{'level': 'Critical', 'potential_loss': '{[AMOUNT]}', 'explanation': 'The victim is responsible for the full amount of the bad checks deposited into their account, leading to significant financial liability.'}","{'level': 'Critical', 'potential_loss': '{[AMOUNT]}', 'explanation': 'Victim is liable for the amount of the fake checks deposited and must bring account into good standing.'}"
9351098,2025-12-04T14:11:08.622014,1950,95,95,0,True,High,High,True,False,"communication, financial, job_posting, hiring_process, work_activity","communication, financial, job_posting, hiring_process, work_activity","{'primary_category': 'Financial Mark Scams', 'subcategory': 'Fake Check / Money Mule Scam'}","{'primary_category': 'Financial Mark Scams', 'subcategory': 'Fake Check Scam'}","{'level': 'Critical', 'potential_loss': 'Unknown (but significant, leading to bank account closure and reporting)', 'explanation': 'The victim lost the money they withdrew from the fraudulent check and is now facing long-term reporting issues with financial institutions, potentially costing them the ability to conduct basic banking.'}","{'level': 'Critical', 'potential_loss': 'Significant financial loss due to fraudulent check and subsequent account issues', 'explanation': 'The victim deposited a fake check and used personal funds to purchase equipment, resulting in financial loss and negative banking consequences.'}"
9352111,2025-12-04T14:11:18.085364,1967,95,95,0,True,High,High,True,False,"communication, financial, job_posting, hiring_process, work_activity","communication, financial, job_posting, hiring_process, work_activity","{'primary_category': 'Financial Mark Scams', 'subcategory': 'Fake Check Scam/Money Mule Scam'}","{'primary_category': 'Financial Mark Scams', 'subcategory': 'Fake Check Scam'}","{'level': 'Critical', 'potential_loss': 'Significant, including overdraft fees, loss of funds, and long-term damage to credit and banking history', 'explanation': 'The victim was instructed to deposit a fraudulent check, withdraw cash, and then send a portion of that money to the scammers. This is a classic money mule scam facilitated by a fake check. The victim is now facing account overdrafts, potential legal repercussions, and long-term difficulty opening bank accounts due to fraudulent reporting.'}","{'level': 'Critical', 'potential_loss': 'Significant financial loss due to negative bank balance and inability to open new accounts', 'explanation': 'Victim deposited a fraudulent check and sent money to scammers, resulting in financial loss and banking restrictions.'}"
9480888,2025-12-04T14:11:24.745955,1471,95,90,5,True,High,High,True,False,"communication, financial, job_posting, hiring_process, work_activity","communication, financial, job_posting, hiring_process, work_activity","{'primary_category': 'Financial Mark Scams', 'subcategory': 'Fake Check Scam'}","{'primary_category': 'Financial Mark Scams', 'subcategory': 'Fake Check Scam'}","{'level': 'Critical', 'potential_loss': '{[AMOUNT]}', 'explanation': 'The victim lost a significant amount of money ({[AMOUNT]}) due to a fraudulent check scam, and their bank account was ultimately closed.'}","{'level': 'High', 'potential_loss': '{[AMOUNT]}', 'explanation': 'Victim deposited a fraudulent check, leading to account restriction and potential financial loss.'}"
9709633,2025-12-04T14:11:32.838305,1352,95,95,0,True,High,High,True,False,"communication, financial, job_posting, hiring_process, work_activity","communication, financial, job_posting, hiring_process, work_activity","{'primary_category': 'Financial Mark Scams', 'subcategory': 'Fake Check/Money Mule Scam'}","{'primary_category': 'Financial Mark Scams', 'subcategory': 'Corporate Identity Theft'}","{'level': 'Critical', 'potential_loss': '{[AMOUNT]}', 'explanation': 'The victim has lost a significant amount of money deposited via a fake check, which has now bounced, leaving them liable and out of pocket. The bank is refusing to refund the lost funds.'}","{'level': 'Critical', 'potential_loss': '[AMOUNT]', 'explanation': 'Victim lost money due to depositing a fake check and transferring funds.'}"
10042620,2025-12-04T14:11:42.493104,3015,95,95,0,True,High,High,True,False,"communication, financial, job_posting, hiring_process, work_activity","communication, financial, job_posting, hiring_process, work_activity","{'primary_category': 'Financial Mark Scams', 'subcategory': 'Fake Job Offer / Fake Check Scam'}","{'primary_category': 'Financial Mark Scams', 'subcategory': 'Fake Check Scams'}","{'level': 'Critical', 'potential_loss': '{[AMOUNT]}', 'explanation': 'The victim lost a substantial amount of money due to depositing a counterfeit check and subsequently wiring funds as instructed by the scammers.'}","{'level': 'Critical', 'potential_loss': ""Substantial portion of victim's finances"", 'explanation': 'Victim lost a significant amount due to counterfeit checks and subsequent wire transfers.'}"
10136040,2025-12-04T14:11:50.039244,1924,95,95,0,True,High,High,True,False,"communication, financial, job_posting, hiring_process, work_activity","communication, financial, job_posting, hiring_process, work_activity","{'primary_category': 'Financial Mark Scams', 'subcategory': 'Money Mule'}","{'primary_category': 'Financial Mark Scams', 'subcategory': 'Fake Check Scam'}","{'level': 'Critical', 'potential_loss': '[AMOUNT]', 'explanation': 'The victim was instructed to deposit fake checks and wire funds to unknown accounts, leading to significant financial loss. The amount lost is directly tied to the wires sent.'}","{'level': 'Critical', 'potential_loss': '[AMOUNT]', 'explanation': 'Victim was instructed to deposit fake checks and wire money, leading to potential financial loss.'}"
10933101,2025-12-04T14:11:56.900696,1252,95,95,0,True,High,High,True,False,"communication, financial, job_posting, hiring_process, work_activity","communication, financial, job_posting, hiring_process, work_activity","{'primary_category': 'Financial Mark Scams', 'subcategory': 'Fake Check/Money Mule Scam'}","{'primary_category': 'Financial Mark Scams', 'subcategory': 'Fake Check Scam'}","{'level': 'Critical', 'potential_loss': '{[AMOUNT]}', 'explanation': 'Victim was instructed to deposit fake checks and then wire transfer funds to a fraudulent vendor, likely resulting in a significant financial loss after the initial checks bounced.'}","{'level': 'Critical', 'potential_loss': '{[AMOUNT]}', 'explanation': ""Victim deposited fake checks and transferred real money to a scammer's account.""}"
11247126,2025-12-04T14:12:04.990678,384,100,95,5,True,High,High,True,False,"communication, financial, job_posting, hiring_process, work_activity","communication, financial, job_posting, hiring_process, work_activity","{'primary_category': 'Financial Mark Scams', 'subcategory': 'Identity Theft/Fraudulent Debt'}","{'primary_category': 'Financial Mark Scams', 'subcategory': 'Identity Theft'}","{'level': 'Critical', 'potential_loss': 'Unknown (due to fraudulent debt and potential further identity theft)', 'explanation': 'The victim has already incurred fraudulent debt and their sensitive information (SSN, ID) has been compromised, putting them at high risk for further financial and identity theft.'}","{'level': 'Critical', 'potential_loss': 'Varies based on unauthorized credit card debt', 'explanation': ""Victim's SSN and ID were used for fraudulent credit card applications, leading to potential significant financial liabilities.""}"
11258229,2025-12-04T14:12:12.511133,1219,95,95,0,True,High,High,True,False,"communication, financial, job_posting, hiring_process, work_activity","communication, financial, job_posting, hiring_process, work_activity","{'primary_category': 'Financial Mark Scams', 'subcategory': 'Fake Check/Money Mule Scam'}","{'primary_category': 'Financial Mark Scams', 'subcategory': 'Fake Check Scam'}","{'level': 'Critical', 'potential_loss': '{[AMOUNT]}', 'explanation': 'The victim was instructed to transfer a significant amount of money to a fake vendor, indicating a direct financial loss.'}","{'level': 'Critical', 'potential_loss': '{[AMOUNT]}', 'explanation': 'Victim was instructed to deposit a fake check and transfer funds, resulting in financial loss.'}"
11310670,2025-12-04T14:12:20.826905,1541,95,95,0,True,High,High,True,False,"communication, financial, job_posting, hiring_process, work_activity","communication, financial, job_posting, hiring_process, work_activity","{'primary_category': 'Corporate Identity Theft', 'subcategory': 'Impersonation Scam'}","{'primary_category': 'Corporate Identity Theft', 'subcategory': 'Impersonation of Legitimate Company'}","{'level': 'Critical', 'potential_loss': '{[AMOUNT]}', 'explanation': ""The victim lost a significant amount of money, directly due to the scammer's requests to transfer funds under false pretenses.""}","{'level': 'Critical', 'potential_loss': '{[AMOUNT]}', 'explanation': 'The victim was scammed out of a significant amount of money through fraudulent transactions.'}"
11338911,2025-12-04T14:12:30.420059,1428,100,95,5,True,High,High,True,False,"communication, financial, job_posting, hiring_process, work_activity","communication, financial, job_posting, hiring_process, work_activity","{'primary_category': 'Financial Mark Scams', 'subcategory': 'Fake Check Scam'}","{'primary_category': 'Financial Mark Scams', 'subcategory': 'Fake Check Scam'}","{'level': 'Critical', 'potential_loss': 'All savings', 'explanation': 'The victim lost their entire savings due to depositing fake checks and being coerced into sending money to the scammers.'}","{'level': 'Critical', 'potential_loss': 'All savings', 'explanation': 'Victim lost all savings due to fake check deposits and out-of-pocket payments.'}"
11434062,2025-12-04T14:12:37.557785,3013,95,95,0,True,High,High,True,False,"communication, financial, job_posting, hiring_process, work_activity","communication, financial, job_posting, hiring_process, work_activity","{'primary_category': 'Financial Mark Scams', 'subcategory': 'Cryptocurrency Investment Fraud / Pig Butchering'}","{'primary_category': 'Financial Mark Scams', 'subcategory': 'Cryptocurrency Investment Fraud'}","{'level': 'Critical', 'potential_loss': 'Approx. {[AMOUNT]}', 'explanation': 'The victim lost a significant amount of money through fake cryptocurrency investments, with no indication of recovery.'}","{'level': 'Critical', 'potential_loss': 'Approx. [AMOUNT]', 'explanation': 'Victim lost a significant amount of money due to fraudulent investment scheme.'}"
11498408,2025-12-04T14:12:43.792405,817,95,95,0,True,High,High,True,False,"communication, financial, job_posting, hiring_process, work_activity","communication, financial, job_posting, hiring_process, work_activity","{'primary_category': 'Financial Mark Scams', 'subcategory': 'Fake Job/Investment Scam leading to money mule activity'}","{'primary_category': 'Financial Mark Scams', 'subcategory': 'Advance Fee Fraud'}","{'level': 'Critical', 'potential_loss': '{[AMOUNT]}', 'explanation': 'Victim lost a significant amount of money and was further pressured to deposit more, with no prospect of recovery due to the nature of the transaction (Bitcoin).'}","{'level': 'Critical', 'potential_loss': 'Unknown, but significant', 'explanation': 'Victim lost money through deposits with the expectation of receiving it back, but was asked for more money.'}"
11576878,2025-12-04T14:12:51.683510,673,95,95,0,True,High,High,True,False,"communication, financial, job_posting, hiring_process, work_activity","communication, financial, job_posting, hiring_process, work_activity","{'primary_category': 'Financial Mark Scams', 'subcategory': 'Fake Check / Money Mule Scam'}","{'primary_category': 'Financial Mark Scams', 'subcategory': 'Fake Check Scam'}","{'level': 'Critical', 'potential_loss': '{[AMOUNT]}', 'explanation': 'The victim lost a significant sum of money directly from their own account after cashing a fraudulent check and transferring the funds.'}","{'level': 'Critical', 'potential_loss': 'Significant amount (exact amount not specified)', 'explanation': 'Victim was instructed to cash a fake check and transfer funds, resulting in financial loss.'}"
11578145,2025-12-04T14:12:58.319777,847,95,95,0,True,High,High,True,False,"communication, financial, job_posting, hiring_process, work_activity","communication, financial, job_posting, hiring_process, work_activity","{'primary_category': 'Financial Mark Scams', 'subcategory': 'Fake Check Scam'}","{'primary_category': 'Financial Mark Scams', 'subcategory': 'Fake Check Scam'}","{'level': 'Critical', 'potential_loss': 'Significant, including drained account and ongoing debt', 'explanation': ""The victim's bank account was drained due to depositing a fraudulent check, leading to a negative balance, inability to pay bills, and ongoing debt to the bank.""}","{'level': 'Critical', 'potential_loss': 'Varies (negative account balance, monthly payments)', 'explanation': ""Victim's account was drained and left with a negative balance, causing financial hardship.""}"
11582419,2025-12-04T14:13:04.075881,636,95,95,0,True,High,High,True,False,"communication, financial, job_posting, hiring_process, work_activity","communication, financial, job_posting, hiring_process, work_activity","{'primary_category': 'Financial Mark Scams', 'subcategory': 'Fake Check Scam'}","{'primary_category': 'Financial Mark Scams', 'subcategory': 'Fake Check Scam'}","{'level': 'Critical', 'potential_loss': '{[AMOUNT]}', 'explanation': 'The victim lost a significant amount of money. The scam involved fake checks and likely demanded upfront purchases of equipment, leading to direct financial loss.'}","{'level': 'High', 'potential_loss': 'over {[AMOUNT]}', 'explanation': 'Victim lost money through fake checks and was put on a payment plan.'}"
11589520,2025-12-04T14:13:10.322230,929,95,85,10,True,High,High,True,False,"communication, financial, job_posting, hiring_process, work_activity","communication, financial, job_posting, hiring_process, work_activity","{'primary_category': 'Financial Mark Scams', 'subcategory': 'Job Scam'}","{'primary_category': 'Financial Mark Scams', 'subcategory': 'Payment Platform Exploitation'}","{'level': 'Critical', 'potential_loss': '$[AMOUNT]$', 'explanation': 'The victim lost all their savings ($[AMOUNT]$) to the scam, resulting in complete financial ruin and ongoing hardship.'}","{'level': 'Critical', 'potential_loss': 'Over {[AMOUNT]} dollars', 'explanation': 'The victim lost all their savings to a scam facilitated through a payment platform.'}"
11629506,2025-12-04T14:13:19.262109,1669,95,95,0,True,High,High,True,False,"communication, financial, job_posting, hiring_process, work_activity","communication, financial, job_posting, hiring_process, work_activity","{'primary_category': 'Financial Mark Scams', 'subcategory': 'Fake Check / Money Mule Scam'}","{'primary_category': 'Financial Mark Scams', 'subcategory': 'Fake Check Scam'}","{'level': 'Critical', 'potential_loss': 'All savings and money from fake checks (exact amount not specified but implied to be substantial)', 'explanation': 'The victim lost all their savings and the value of the fake checks deposited, resulting in a negative bank balance.'}","{'level': 'Critical', 'potential_loss': 'All savings and additional debt', 'explanation': 'Victim lost all savings and incurred debt due to fake checks'}"
11630764,2025-12-04T14:13:25.475751,422,95,90,5,True,High,High,True,False,"communication, financial, job_posting, hiring_process, work_activity","communication, financial, job_posting, hiring_process, work_activity","{'primary_category': 'Financial Mark Scams', 'subcategory': 'Identity Theft leading to fraudulent debt'}","{'primary_category': 'Financial Mark Scams', 'subcategory': 'Identity Theft'}","{'level': 'Critical', 'potential_loss': 'Unknown (amount of fraudulent debt and further identity theft)', 'explanation': 'The victim has already fallen victim to a job scam that resulted in their SSN and ID being compromised, leading to fraudulent debt. This indicates a high risk of further financial harm and identity theft.'}","{'level': 'High', 'potential_loss': 'Unknown', 'explanation': ""The victim's SSN and ID were used for unauthorized credit card applications, leading to potential debt and credit damage.""}"
11866982,2025-12-04T14:13:35.327833,2348,95,85,10,True,High,High,True,False,"communication, financial, job_posting, hiring_process, work_activity","communication, financial, job_posting, hiring_process, work_activity","{'primary_category': 'Financial Mark Scams', 'subcategory': 'Fake Check / Money Mule Scam'}","{'primary_category': 'Financial Mark Scams', 'subcategory': 'Fake Check Scam'}","{'level': 'Critical', 'potential_loss': 'The amount of the check plus any overdraft fees or penalties from the bank, and the potential for legal repercussions if the bank reports the activity.', 'explanation': 'The victim deposited a fraudulent check, leading to an overdrawn account and closure. They are at risk of further financial penalties and potentially being flagged by financial institutions, impacting their ability to bank in the future.'}","{'level': 'High', 'potential_loss': 'Varies depending on check amount and bank fees', 'explanation': 'Victim deposited a fraudulent check which could lead to financial liability and bank fees.'}"
11879581,2025-12-04T14:13:43.398468,1186,95,95,0,True,High,High,True,False,"communication, financial, job_posting, hiring_process, work_activity","communication, financial, job_posting, hiring_process, work_activity","{'primary_category': 'Financial Mark Scams', 'subcategory': 'Fake Check/Advance Fee Scam'}","{'primary_category': 'Financial Mark Scams', 'subcategory': 'Fake Check Scams'}","{'level': 'Critical', 'potential_loss': 'Significant (combining the initial loss, deductions, and potential for further financial compromise)', 'explanation': 'The victim lost money due to insufficient funds from the fake check and was instructed to wire money, indicating a direct financial loss and potential for further unauthorized transactions.'}","{'level': 'Critical', 'potential_loss': 'Unknown, but includes compromised identity and account funds', 'explanation': 'Victim lost money due to insufficient check funds and compromised personal financial information.'}"
11913356,2025-12-04T14:13:53.434518,3015,95,95,0,True,High,High,True,False,"communication, financial, job_posting, hiring_process, work_activity","communication, financial, job_posting, hiring_process, work_activity","{'primary_category': 'Financial Mark Scams', 'subcategory': 'Fake Check Scam'}","{'primary_category': 'Financial Mark Scams', 'subcategory': 'Fake Check Scam'}","{'level': 'Critical', 'potential_loss': '{[AMOUNT]} (initial fake check amount) + {[AMOUNT]} (money sent back) + potential overdraft/bank fees', 'explanation': 'The victim lost the money they sent back digitally. The fake check caused their bank account to be debited, and they are likely responsible for the funds that were initially credited to their account from the fake check. They also incurred potential overdraft fees or other bank charges.'}","{'level': 'High', 'potential_loss': 'Amount equal to the fake check and any additional funds sent', 'explanation': 'Victim cashed a fake check and sent money back, resulting in financial loss.'}"
12015613,2025-12-04T14:14:04.389416,2136,98,95,3,True,High,High,True,False,"communication, financial, job_posting, hiring_process, work_activity","communication, financial, job_posting, hiring_process, work_activity","{'primary_category': 'Financial Mark Scams', 'subcategory': 'Fake Check Scam'}","{'primary_category': 'Financial Mark Scams', 'subcategory': 'Fake Check Scam'}","{'level': 'Critical', 'potential_loss': '{[AMOUNT]} (overdraft) + unknown amount of funds sent to scammer', 'explanation': 'The victim incurred a significant overdraft balance, had their bank account closed, and lost the money they sent to the scammer. This is a critical financial loss.'}","{'level': 'Critical', 'potential_loss': 'Overdraft amount and potential additional charges', 'explanation': ""Victim's account was overdrawn due to fake check deposit and subsequent money transfer.""}"
12097919,2025-12-04T14:14:11.670771,648,85,85,0,True,High,High,True,False,"communication, financial, job_posting, hiring_process, work_activity","communication, financial, job_posting, hiring_process, work_activity","{'primary_category': 'Financial Mark Scams', 'subcategory': 'Identity Theft / Account Takeover'}","{'primary_category': 'Corporate Identity Theft', 'subcategory': 'Internal Breach'}","{'level': 'Critical', 'potential_loss': 'Unknown, but potentially significant due to identity theft and bank account closures.', 'explanation': 'Victims have experienced bank account closures and are being denied new accounts, indicating severe financial repercussions and potential loss of access to funds.'}","{'level': 'High', 'potential_loss': 'Significant financial disruption due to account closures and denials', 'explanation': 'The victim is unable to access existing accounts or open new ones, impacting personal and business finances.'}"
12701836,2025-12-04T14:14:20.464623,1818,95,95,0,True,High,High,True,False,"communication, financial, job_posting, hiring_process, work_activity","communication, financial, job_posting, hiring_process, work_activity","{'primary_category': 'Financial Mark Scams', 'subcategory': 'Fake Placement/Staffing Scams with Money Mule Activity'}","{'primary_category': 'Financial Mark Scams', 'subcategory': 'Fake Check Scam'}","{'level': 'Critical', 'potential_loss': ""Unknown, but significant enough to cause the victim to 'lose practically everything' and be banned from their bank."", 'explanation': 'The victim deposited fraudulent checks and then sent actual money to the scammers, losing funds directly. The bank banning them also indicates a significant financial impact beyond the initial loss.'}","{'level': 'Critical', 'potential_loss': 'Significant financial loss due to fake check deposits and subsequent transfers', 'explanation': 'Victim deposited fake checks and was instructed to transfer money, leading to financial loss and bank account closure.'}"
12793732,2025-12-04T14:14:27.635273,481,95,95,0,True,High,High,True,False,"communication, financial, job_posting, hiring_process, work_activity","communication, financial, job_posting, hiring_process, work_activity","{'primary_category': 'Financial Mark Scams', 'subcategory': 'Money Mule Scam'}","{'primary_category': 'Financial Mark Scams', 'subcategory': 'Fake Check Scam'}","{'level': 'Critical', 'potential_loss': 'Unknown (but significant due to account closure and blacklisting)', 'explanation': 'The victim is facing significant financial repercussions including account closure and a damaged financial reputation, potentially preventing future banking and financial services.'}","{'level': 'High', 'potential_loss': 'Varies depending on fraudulent activity', 'explanation': ""Victim's account was used for fraudulent transactions, leading to account closure and potential legal issues.""}"
13392030,2025-12-04T14:14:35.265860,2753,95,90,5,True,High,High,True,False,"communication, financial, job_posting, hiring_process, work_activity","communication, financial, job_posting, hiring_process, work_activity","{'primary_category': 'Financial Mark Scams', 'subcategory': 'Identity Theft'}","{'primary_category': 'Corporate Identity Theft', 'subcategory': 'Fake Placement/Staffing Scams'}","{'level': 'Critical', 'potential_loss': 'Unknown, but potentially substantial due to fraudulent accounts and credit inquiries', 'explanation': ""The victim's identity has been compromised, leading to numerous fraudulent accounts and credit inquiries. This can result in significant financial damage, including fraudulent debt, damaged credit score, and the cost of recovery.""}","{'level': 'Critical', 'potential_loss': 'Varies (depends on fraudulent accounts and credit damage)', 'explanation': ""The victim's personal information was used to open multiple fraudulent accounts, leading to potential financial losses and credit damage.""}"
13455953,2025-12-04T14:14:42.072882,123,95,95,0,True,High,High,True,False,"communication, financial, job_posting, hiring_process, work_activity","communication, financial, job_posting, hiring_process, work_activity","{'primary_category': 'Financial Mark Scams', 'subcategory': 'Fake Check Scam / Money Mule'}","{'primary_category': 'Financial Mark Scams', 'subcategory': 'Fake Check Scam'}","{'level': 'High', 'potential_loss': 'Could exceed the amount of the fraudulent check plus bank fees and potential overdraft charges.', 'explanation': 'The victim is liable for the amount of the fraudulent check once it bounces, and may incur further charges from their bank. The money transferred could also be associated with other criminal activities.'}","{'level': 'High', 'potential_loss': 'Varies depending on bank fees and potential overdrafts', 'explanation': 'Victim instructed to deposit a fraudulent check, risking financial loss from bank fees and potential legal issues.'}"
13672904,2025-12-04T14:14:49.437492,1901,98,95,3,True,High,High,True,False,"communication, financial, job_posting, hiring_process, work_activity","communication, financial, job_posting, hiring_process, work_activity","{'primary_category': 'Financial Mark Scams', 'subcategory': 'Fake Check Scam'}","{'primary_category': 'Financial Mark Scams', 'subcategory': 'Fake Check Scam'}","{'level': 'Critical', 'potential_loss': '{[AMOUNT]} (initial loss) + {[AMOUNT]} (to Bank of America)', 'explanation': 'The victim was tricked into depositing a fake check and wiring money, leading to an overdraft and a requirement to repay the bank, resulting in a significant financial loss.'}","{'level': 'Critical', 'potential_loss': 'Significant amount (exact amount unspecified)', 'explanation': ""Victim's bank account was overdrawn after depositing a fake check and wiring funds.""}"
13791386,2025-12-04T14:14:55.746953,786,100,95,5,True,High,High,True,False,"communication, financial, job_posting, hiring_process, work_activity","communication, financial, job_posting, hiring_process, work_activity","{'primary_category': 'Financial Mark Scams', 'subcategory': 'Fake Check Scam'}","{'primary_category': 'Financial Mark Scams', 'subcategory': 'Fake Check Scam'}","{'level': 'Critical', 'potential_loss': 'Unknown, but includes the amount of the fraudulent check, wire transfer fees, and any debt incurred from the overdrawn account.', 'explanation': 'The victim cashed a fraudulent check, sent money via wire transfer, and incurred debt from an overdrawn account, indicating a significant financial loss.'}","{'level': 'Critical', 'potential_loss': 'Varies depending on check amount and bank fees', 'explanation': 'Victim is liable for the overdraft caused by the fake check.'}"
13887496,2025-12-04T14:15:03.988608,2960,95,95,0,True,High,High,True,False,"communication, financial, job_posting, hiring_process, work_activity","communication, financial, job_posting, hiring_process, work_activity","{'primary_category': 'Financial Mark Scams', 'subcategory': 'Fake Check / Advance Fee Scam'}","{'primary_category': 'Financial Mark Scams', 'subcategory': 'Fake Check Scam'}","{'level': 'Critical', 'potential_loss': 'The amount wired to the scammers.', 'explanation': 'The victim wired funds based on a fraudulent check, leading to a direct financial loss that was not recovered.'}","{'level': 'Critical', 'potential_loss': 'Varies based on the amount wired', 'explanation': 'Victim wired funds based on a fraudulent check, resulting in financial loss.'}"
14313741,2025-12-04T14:15:10.538917,523,95,95,0,True,High,High,True,False,"communication, financial, job_posting, hiring_process, work_activity","communication, financial, job_posting, hiring_process, work_activity","{'primary_category': 'Financial Mark Scams', 'subcategory': 'Fake Check Scam'}","{'primary_category': 'Financial Mark Scams', 'subcategory': 'Fake Check Scam'}","{'level': 'Critical', 'potential_loss': '{[AMOUNT]}', 'explanation': 'The victim was instructed to use funds from a fraudulent check to purchase items and return the remainder. This is a common tactic in fake check scams where the victim ends up losing the money they sent out, as the initial check bounces.'}","{'level': 'High', 'potential_loss': 'Amount of the fraudulent check and any additional funds spent', 'explanation': 'Victim used personal funds to purchase items and is unlikely to be reimbursed for the fraudulent check.'}"
14372163,2025-12-04T14:15:27.128137,3015,95,95,0,True,High,High,True,False,"communication, financial, job_posting, hiring_process, work_activity","communication, financial, job_posting, hiring_process, work_activity","{'primary_category': 'Financial Mark Scams', 'subcategory': 'Fake Check Scam'}","{'primary_category': 'Financial Mark Scams', 'subcategory': 'Fake Check Scam'}","{'level': 'Critical', 'potential_loss': 'Unknown, but likely includes overdraft fees, potential legal action from the bank, and loss of funds that were withdrawn before the check bounced.', 'explanation': ""The victim's bank account was flagged for fraudulent activity, leading to account closure and potential financial penalties. The victim may have withdrawn funds based on the fake deposit, creating a deficit.""}","{'level': 'Critical', 'potential_loss': 'Bank account closure and potential legal issues', 'explanation': 'Victim was involved in depositing fraudulent checks, leading to account closure and potential financial liability.'}"
14438348,2025-12-04T14:15:50.440610,295,85,85,0,True,High,High,True,False,"communication, financial, job_posting, hiring_process, work_activity","communication, financial, job_posting, hiring_process, work_activity","{'primary_category': 'Financial Mark Scams', 'subcategory': 'Money Mule Scam'}","{'primary_category': 'Financial Mark Scams', 'subcategory': 'Unknown'}","{'level': 'High', 'potential_loss': 'Unknown, but could involve drained bank accounts, fraudulent charges, or legal repercussions.', 'explanation': ""The 'suspicious activity' leading to account deactivation indicates potential involvement in financial crimes, which can result in significant financial loss, legal trouble, and reputational damage.""}","{'level': 'High', 'potential_loss': 'Varies', 'explanation': 'Involvement in suspicious activities such as reshipping packages or moving money can lead to financial liability and potential legal issues.'}"
14719848,2025-12-04T14:16:01.236100,2581,95,95,0,True,High,High,True,False,"communication, financial, job_posting, hiring_process, work_activity","communication, financial, job_posting, hiring_process, work_activity","{'primary_category': 'Financial Mark Scams', 'subcategory': 'Fake Placement/Staffing Scams'}","{'primary_category': 'Financial Mark Scams', 'subcategory': 'Fake Check Scam'}","{'level': 'Critical', 'potential_loss': 'Unknown (full amount of reversed checks)', 'explanation': 'The victim is facing a significant financial loss due to depositing fake checks and using those funds to pay scammers, with the bank reversing the deposits and holding the victim responsible.'}","{'level': 'Critical', 'potential_loss': 'Substantial, likely in the thousands', 'explanation': 'Victim was instructed to deposit fraudulent checks and transfer funds, resulting in significant financial loss.'}"
14841507,2025-12-04T14:16:16.077519,2248,95,85,10,True,High,High,True,False,"communication, financial, job_posting, hiring_process, work_activity","communication, financial, job_posting, hiring_process, work_activity","{'primary_category': 'Financial Mark Scams', 'subcategory': 'Fake Job/Investment Scam leading to Money Mule activity'}","{'primary_category': 'Financial Mark Scams', 'subcategory': 'Cryptocurrency Fraud'}","{'level': 'Critical', 'potential_loss': 'Significant financial loss (amount not specified but described as significant)', 'explanation': 'The victim lost a significant amount of money through fraudulent cryptocurrency transactions facilitated by the scam, which involved using Cash App for payments.'}","{'level': 'Critical', 'potential_loss': 'Significant financial loss', 'explanation': 'Victim made multiple payments under false pretenses, resulting in significant financial loss.'}"
14854703,2025-12-04T14:16:27.109008,1158,95,95,0,True,High,High,True,False,"communication, financial, job_posting, hiring_process, work_activity","communication, financial, job_posting, hiring_process, work_activity","{'primary_category': 'Financial Mark Scams', 'subcategory': 'Fake Check Scam / Money Mule'}","{'primary_category': 'Financial Mark Scams', 'subcategory': 'Fake Check Scam'}","{'level': 'Critical', 'potential_loss': '{[AMOUNT]}', 'explanation': 'Victim lost a significant amount of personal funds due to fraudulent checks and instructions to purchase equipment.'}","{'level': 'Critical', 'potential_loss': '[AMOUNT]', 'explanation': 'Victim used personal funds based on fraudulent checks, resulting in significant financial loss.'}"
15539713,2025-12-04T14:16:40.859158,2001,95,95,0,True,High,High,True,False,"communication, financial, job_posting, hiring_process, work_activity","communication, financial, job_posting, hiring_process, work_activity","{'primary_category': 'Financial Mark Scams', 'subcategory': 'Fake Check Scam'}","{'primary_category': 'Financial Mark Scams', 'subcategory': 'Fake Check Scam'}","{'level': 'Critical', 'potential_loss': '{[AMOUNT]} (initial loss from fake check and subsequent transfers)', 'explanation': ""The victim lost the amount of the fake check after it bounced, plus additional funds due to transfer fees and the bank's recouping of the amount transferred back into their account. The account is now in negative balance, owing the bank a significant amount.""}","{'level': 'Critical', 'potential_loss': 'Significant negative balance in bank account', 'explanation': 'Victim deposited a fake check and transferred funds, resulting in a negative balance when the check bounced.'}"
15604144,2025-12-04T14:16:54.784871,3015,95,95,0,True,High,High,True,False,"communication, financial, job_posting, hiring_process, work_activity","communication, financial, job_posting, hiring_process, work_activity","{'primary_category': 'Financial Mark Scams', 'subcategory': 'Fake Check/Money Mule Scam'}","{'primary_category': 'Financial Mark Scams', 'subcategory': 'Fake Check Scam'}","{'level': 'Critical', 'potential_loss': 'Unknown (victim had to borrow money, had SSN funds posted to a frozen account, and the bank threatened to close all accounts)', 'explanation': 'The victim experienced account overdrafts, lost access to their primary income (Social Security), had to borrow money for essential bills, and faced the potential loss of all their banking relationships. The exact amount of direct financial loss is unclear but the disruption and potential long-term consequences are severe.'}","{'level': 'Critical', 'potential_loss': 'Varies (potentially all funds in checking account)', 'explanation': ""Victim's account was overdrawn due to fraudulent check deposit and subsequent transactions.""}"
